Period,Total_Vol,EW_Vol,NS_Vol,Delay_s_veh,High_Delay
AM peak,755.6666666666666,349.7916666666667,405.875,38.61666666666667,0.0
Off-peak,695.6666666666666,327.9583333333333,367.7083333333333,36.06666666666667,0.16666666666666666
PM peak,838.4583333333334,391.4166666666667,447.0416666666667,46.25,0.3333333333333333
